system,num_questions,exact_match,token_f1,numeric_accuracy,numeric_generation_accuracy,numeric_extraction_accuracy,refusal_accuracy,hallucination_rate,average_generation_latency,average_retrieval_latency,average_total_latency,average_prompt_tokens,average_completion_tokens,average_gold_answer_loss,average_gold_answer_perplexity,answer_coverage_at_1,answer_coverage_at_3,source_accuracy,source_accuracy_at_3,table_row_recall_at_3,perplexity_delta_vs_baseline
baseline_gpt,271,0.0,0.012296274510880239,0.0,0.0,,0.0,1.0,0.49074281713619444,0.0,0.5919646646868699,37.638376383763834,16.343173431734318,8.085910517351214,17527.70439988654,,,0.0,0.0,0.0,0.0
oracle_gpt,271,0.0,0.00876078506711253,0.0,0.0,,0.0,1.0,0.5611968722771784,0.0,0.7483865589288328,125.46863468634686,13.055350553505535,8.023799671018256,15114.127185704134,1.0,1.0,0.0,0.0,0.0,-2413.5772141824073
rag_gpt_tfidf_top3,271,0.0,0.00026357406431207165,0.5051546391752577,0.0,0.7313432835820896,0.0,1.0,0.13104508882491572,0.011763326198247525,0.18830576895760215,255.6309963099631,4.239852398523985,8.245527123173224,46307.24356773407,0.25830258302583026,0.42066420664206644,1.0,1.0,0.8507462686567164,28779.539167847528
random_context_gpt,271,0.0,0.002842155951564653,0.0,0.0,,0.0,1.0,0.22371403450950486,0.0,0.2558102775021453,255.77859778597787,7.339483394833948,8.02524279844277,15148.249991157229,0.033210332103321034,0.12177121771217712,0.36162361623616235,0.36162361623616235,0.582089552238806,-2379.4544087293125
