system,num_questions,exact_match,token_f1,numeric_accuracy,numeric_generation_accuracy,numeric_extraction_accuracy,refusal_accuracy,hallucination_rate,average_generation_latency,average_retrieval_latency,average_total_latency,average_prompt_tokens,average_completion_tokens,average_gold_answer_loss,average_gold_answer_perplexity,answer_coverage_at_1,answer_coverage_at_3,source_accuracy,source_accuracy_at_3,table_row_recall_at_3,perplexity_delta_vs_baseline
baseline_gpt,3,0.0,0.0,0.0,0.0,,0.0,1.0,0.3113953185578187,0.0,0.3639324593047301,26.333333333333332,8.0,8.14115301767985,3594.982444319276,,,0.0,0.0,0.0,0.0
oracle_gpt,3,0.0,0.0,0.0,0.0,,0.0,1.0,1.357022348170479,0.0,1.3882432226091623,40.0,69.66666666666667,8.098642031351725,3371.602954461406,1.0,1.0,0.0,0.0,0.0,-223.37948985786988
rag_gpt_tfidf_top3,3,0.0,0.0,1.0,0.0,1.0,0.0,1.0,0.4619482637693484,0.0228121814628442,0.602992931380868,256.0,3.0,8.29311720530192,4101.1940709610835,0.6666666666666666,0.6666666666666666,1.0,1.0,1.0,506.2116266418074
random_context_gpt,3,0.0,0.0,0.0,0.0,,0.0,1.0,0.2991401242713133,0.0,0.4160980271796385,256.0,3.6666666666666665,8.249618530273438,3912.1689015079983,0.0,0.3333333333333333,0.3333333333333333,0.3333333333333333,1.0,317.18645718872267
