system,average_generation_latency,average_retrieval_latency,average_total_latency,average_prompt_tokens,average_completion_tokens
baseline_gpt,0.3113953185578187,0.0,0.3639324593047301,26.333333333333332,8.0
oracle_gpt,1.357022348170479,0.0,1.3882432226091623,40.0,69.66666666666667
rag_gpt_tfidf_top3,0.4619482637693484,0.0228121814628442,0.602992931380868,256.0,3.0
random_context_gpt,0.2991401242713133,0.0,0.4160980271796385,256.0,3.6666666666666665
