system,num_questions,exact_match,token_f1,numeric_accuracy,numeric_generation_accuracy,numeric_extraction_accuracy,refusal_accuracy,hallucination_rate,average_generation_latency,average_retrieval_latency,average_total_latency,average_prompt_tokens,average_completion_tokens,average_gold_answer_loss,average_gold_answer_perplexity,answer_coverage_at_1,answer_coverage_at_3,source_accuracy,source_accuracy_at_3,table_row_recall_at_3,perplexity_delta_vs_baseline
baseline_gpt,3,0.0,0.0,0.0,0.0,,,,0.0152161388347546,0.0,0.0242246532191832,35.0,2.0,10.398452123006184,34078.3046121128,,,0.0,0.0,0.0,0.0
oracle_gpt,3,0.0,0.0,0.0,0.0,,,,0.0276598054915666,0.0,0.0474054993440707,131.0,2.0,10.033618927001951,23184.55164864831,1.0,1.0,0.0,0.0,0.0,-10893.752963464483
rag_gpt_tfidf_top3,3,0.0,0.0,0.6666666666666666,0.0,0.6666666666666666,,,0.0654620553056399,0.0243559175481398,0.1331724735597769,256.0,2.0,10.322654088338217,32119.260911987567,0.6666666666666666,0.6666666666666666,1.0,1.0,1.0,-1959.043700125232
random_context_gpt,3,0.0,0.0,0.0,0.0,,,,0.0624909028410911,0.0,0.1050542214264472,256.0,2.0,9.530146916707356,15447.02288973592,0.3333333333333333,0.6666666666666666,0.0,0.0,0.3333333333333333,-18631.28172237688
