chunk_config,total_chunks,retrievable_chunks,average_token_count,answer_coverage_at_1,answer_coverage_at_3,answer_coverage_at_5,source_accuracy_at_3,section_accuracy_at_3,table_row_recall_at_3,wrong_section_count,answer_split_across_chunks_count,boilerplate_count,retrieval_miss_count,average_retrieval_latency,rag_token_f1,rag_numeric_accuracy,rag_gold_answer_perplexity,rag_total_latency
fixed_128,4379,3715,127.9230417903631,0.3611111111111111,0.5648148148148148,0.5648148148148148,1.0,0.0,,47,0,0,0,0.0127564206098516,0.0,0.0,2424.7017502504946,0.2936071001545147
fixed_256,2190,1556,255.7,0.2592592592592592,0.4444444444444444,0.4537037037037037,1.0,0.0,,59,0,0,0,0.0108319013207047,0.0,0.0,2427.1521510381735,0.3600932963330436
fixed_512,1096,536,510.6414233576642,0.2037037037037037,0.2222222222222222,0.3611111111111111,1.0,0.0,,69,0,0,0,0.0093518254278158,0.0002258355916892,0.0,2423.184212697761,0.3415559526981302
section_180,989,916,155.22952477249748,0.1111111111111111,0.2407407407407407,0.2407407407407407,1.0,0.287037037037037,,77,5,0,0,0.0049251110844865,0.0,0.0,2376.4904286979877,0.3656345132427911
table_aware_clean,5130,3290,112.63762183235868,0.3055555555555556,0.3981481481481481,0.3981481481481481,1.0,0.3611111111111111,,65,0,0,0,0.010348384320322,0.0,0.0,2557.8041358339797,0.2350266264682566
table_aware_clean_context,5130,3290,112.63762183235868,0.3055555555555556,0.3981481481481481,0.3981481481481481,1.0,0.3611111111111111,,65,0,0,0,0.0094820053351146,0.0,0.0,2557.8041358339797,0.2195062268766816
table_aware_mixed,5130,3308,112.63762183235868,0.3055555555555556,0.3981481481481481,0.3981481481481481,1.0,0.3611111111111111,,65,0,0,0,0.0094056848816021,0.0,0.0,2557.8041358339797,0.2225526199434642
table_row_only,1683,637,26.358288770053477,0.0,0.0,0.0,0.8518518518518519,0.0,,92,0,0,16,0.004027422155357,0.0,0.0,2542.1307459910777,0.3177679576566098
