system,num_questions,exact_match,token_f1,numeric_accuracy,numeric_generation_accuracy,numeric_extraction_accuracy,refusal_accuracy,hallucination_rate,average_generation_latency,average_retrieval_latency,average_total_latency,average_prompt_tokens,average_completion_tokens,average_gold_answer_loss,average_gold_answer_perplexity,answer_coverage_at_1,answer_coverage_at_3,source_accuracy,source_accuracy_at_3,table_row_recall_at_3,perplexity_delta_vs_baseline
baseline_gpt,3,0.0,0.0,0.0,0.0,,,,0.020809235672156,0.0,0.0321195827176173,35.0,2.0,10.398452123006184,34078.3046121128,,,0.0,0.0,0.0,0.0
oracle_gpt,3,0.0,0.0,0.0,0.0,,,,0.0244238059967756,0.0,0.0395606675495704,131.0,2.0,10.033618927001951,23184.55164864831,1.0,1.0,0.0,0.0,0.0,-10893.752963464483
rag_gpt_tfidf_top3,3,0.0,0.0,0.6666666666666666,0.0,0.6666666666666666,,,0.0511992921431859,0.0178584717214107,0.1020294850071271,256.0,2.0,10.32335917154948,32132.888285764715,0.6666666666666666,0.6666666666666666,1.0,1.0,1.0,-1945.416326348084
random_context_gpt,3,0.0,0.0,0.0,0.0,,,,0.0490759586294492,0.0,0.0834249866505463,256.0,2.0,9.385180155436196,14226.365323517372,0.0,0.6666666666666666,0.0,0.0,0.6666666666666666,-19851.93928859543
