system,average_generation_latency,average_retrieval_latency,average_total_latency,average_prompt_tokens,average_completion_tokens
baseline_gpt,0.012728235994776,0.0,0.0309405686954657,33.0,1.0
oracle_gpt,0.0172316661725441,0.0,0.0477948319166898,74.66666666666667,1.0
rag_gpt_tfidf_top3,0.0594380976011355,0.0064609721302986,0.1658235546201467,256.0,1.0
random_context_gpt,0.0645045818140109,0.0,0.1419335274646679,256.0,1.0
