system,average_generation_latency,average_retrieval_latency,average_total_latency,average_prompt_tokens,average_completion_tokens
baseline_gpt,0.020809235672156,0.0,0.0321195827176173,35.0,2.0
oracle_gpt,0.0244238059967756,0.0,0.0395606675495704,131.0,2.0
rag_gpt_tfidf_top3,0.0511992921431859,0.0178584717214107,0.1020294850071271,256.0,2.0
random_context_gpt,0.0490759586294492,0.0,0.0834249866505463,256.0,2.0
