system,num_questions,exact_match,token_f1,numeric_accuracy,numeric_generation_accuracy,numeric_extraction_accuracy,refusal_accuracy,hallucination_rate,average_generation_latency,average_retrieval_latency,average_total_latency,average_prompt_tokens,average_completion_tokens,average_gold_answer_loss,average_gold_answer_perplexity,answer_coverage_at_1,answer_coverage_at_3,answer_coverage_at_5,source_accuracy,source_accuracy_at_3,section_accuracy_at_3,table_row_recall_at_3,perplexity_delta_vs_baseline
baseline_gpt,1,0.0,0.5,0.0,0.0,,,,0.001956166699528694,0.0,0.0024939998984336853,9.0,2.0,3.4007728099823,29.987265553138375,,,,0.0,0.0,,0.0,0.0
oracle_gpt,1,0.0,0.5,0.0,0.0,,,,0.0007171239703893661,0.0,0.0016911271959543228,16.0,2.0,3.4004645347595215,29.978022646922152,1.0,1.0,1.0,0.0,0.0,,0.0,-0.00924290621622248
rag_gpt_tfidf_top3,1,0.0,0.5,1.0,0.0,1.0,,,0.000732123851776123,0.0010419990867376328,0.002198917791247368,16.0,2.0,3.4004287719726562,29.976950568457962,1.0,1.0,1.0,1.0,1.0,,0.0,-0.01031498468041292
random_context_gpt,1,0.0,0.5,0.0,0.0,,,,0.0007594600319862366,0.0,0.0020241662859916687,16.0,2.0,3.400454521179199,29.977722461087446,1.0,1.0,1.0,1.0,1.0,,0.0,-0.009543092050929403
