system,num_questions,exact_match,token_f1,numeric_accuracy,numeric_generation_accuracy,numeric_extraction_accuracy,refusal_accuracy,hallucination_rate,average_generation_latency,average_retrieval_latency,average_total_latency,average_prompt_tokens,average_completion_tokens,average_gold_answer_loss,average_gold_answer_perplexity,answer_coverage_at_1,answer_coverage_at_3,answer_coverage_at_5,source_accuracy,source_accuracy_at_3,section_accuracy_at_3,table_row_recall_at_3,perplexity_delta_vs_baseline
baseline_gpt,1,0.0,0.5,0.0,0.0,,,,0.0023364145308732986,0.0,0.0030899997800588608,9.0,2.0,3.4007935523986816,29.987887567937655,,,,0.0,0.0,,0.0,0.0
oracle_gpt,1,0.0,0.0,0.0,0.0,,,,0.002633126452565193,0.0,0.0033026672899723053,16.0,2.0,3.401573419570923,30.01128325859655,1.0,1.0,1.0,0.0,0.0,,0.0,0.023395690658894353
rag_gpt_tfidf_top3,1,0.0,0.0,1.0,0.0,1.0,,,0.002469126135110855,0.0006117075681686401,0.003989625722169876,16.0,2.0,3.40155291557312,30.010667913619095,1.0,1.0,1.0,1.0,1.0,,0.0,0.02278034568143994
random_context_gpt,1,0.0,0.0,0.0,0.0,,,,0.0012759584933519363,0.0,0.0018053743988275528,16.0,2.0,3.4015660285949707,30.011061446743394,1.0,1.0,1.0,1.0,1.0,,0.0,0.02317387880573918
