system,average_generation_latency,average_retrieval_latency,average_total_latency,average_prompt_tokens,average_completion_tokens
baseline_gpt,0.0023364145308732,0.0,0.0030899997800588,9.0,2.0
oracle_gpt,0.0026331264525651,0.0,0.0033026672899723,16.0,2.0
rag_gpt_tfidf_top3,0.0024691261351108,0.0006117075681686,0.0039896257221698,16.0,2.0
random_context_gpt,0.0012759584933519,0.0,0.0018053743988275,16.0,2.0
