system,num_questions,exact_match,token_f1,numeric_accuracy,numeric_generation_accuracy,numeric_extraction_accuracy,refusal_accuracy,hallucination_rate,average_generation_latency,average_retrieval_latency,average_total_latency,average_prompt_tokens,average_completion_tokens,average_gold_answer_loss,average_gold_answer_perplexity,answer_coverage_at_1,answer_coverage_at_3,answer_coverage_at_5,source_accuracy,source_accuracy_at_3,section_accuracy_at_3,table_row_recall_at_3,perplexity_delta_vs_baseline
baseline_gpt,3,0.0,0.0,,,,,,0.01272823599477609,0.0,0.030940568695465725,33.0,1.0,8.074408531188965,3811.4880774512217,,,,0.0,0.0,0.0,,0.0
oracle_gpt,3,0.0,0.0,,,,,,0.017231666172544163,0.0,0.04779483191668987,74.66666666666667,1.0,8.070932547251383,3803.8846413922024,1.0,1.0,1.0,0.0,0.0,0.0,,-7.603436059019259
rag_gpt_tfidf_top3,3,0.0,0.0,,,,,,0.059438097601135574,0.0064609721302986145,0.16582355462014675,256.0,1.0,8.269638856252035,4595.341585955976,0.0,0.3333333333333333,0.3333333333333333,1.0,1.0,0.3333333333333333,,783.8535085047547
random_context_gpt,3,0.0,0.0,,,,,,0.06450458181401093,0.0,0.14193352746466795,256.0,1.0,8.132378260294596,4000.6627868268297,0.0,0.0,0.0,0.3333333333333333,0.3333333333333333,0.3333333333333333,,189.17470937560802
