system,average_generation_latency,average_retrieval_latency,average_total_latency,average_prompt_tokens,average_completion_tokens
baseline_gpt,0.4907428171361944,0.0,0.5919646646868699,37.638376383763834,16.343173431734318
oracle_gpt,0.5611968722771784,0.0,0.7483865589288328,125.46863468634686,13.055350553505535
rag_gpt_tfidf_top3,0.1310450888249157,0.0117633261982475,0.1883057689576021,255.6309963099631,4.239852398523985
random_context_gpt,0.2237140345095048,0.0,0.2558102775021453,255.7785977859779,7.339483394833948
