system,average_generation_latency,average_retrieval_latency,average_total_latency,average_prompt_tokens,average_completion_tokens
baseline_gpt,0.6343394335757983,0.0,0.7416312952364393,37.638376383763834,16.343173431734318
oracle_gpt,0.6791036341174392,0.0,0.8737527271835787,125.46863468634686,13.055350553505535
rag_gpt_tfidf_top3,0.1616888359477709,0.0137654418105128,0.2300500729262169,255.6309963099631,4.239852398523985
random_context_gpt,0.2565675717795687,0.0,0.2970727432684155,255.7785977859779,7.339483394833948
