system,answer_coverage_at_1,answer_coverage_at_3,source_accuracy_at_3,table_row_recall_at_3,average_retrieval_latency
baseline_gpt,,,0.0,0.0,0.0
oracle_gpt,1.0,1.0,0.0,0.0,0.0
rag_gpt_tfidf_top3,0.2583025830258302,0.4206642066420664,1.0,0.8507462686567164,0.0117633261982475
random_context_gpt,0.033210332103321,0.1217712177121771,0.3616236162361623,0.582089552238806,0.0
