system,answer_coverage_at_1,answer_coverage_at_3,source_accuracy_at_3,table_row_recall_at_3,average_retrieval_latency
baseline_gpt,,,0.0,0.0,0.0
oracle_gpt,1.0,1.0,0.0,0.0,0.0
rag_gpt_tfidf_top3,0.3357933579335793,0.4723247232472324,1.0,0.8507462686567164,0.0123900984279893
random_context_gpt,0.051660516605166,0.1365313653136531,0.3247232472324723,0.4029850746268656,0.0
